55-1252295,Kaitlyn,Branscomb,5
93-1879107,Lena,Cruikshanks,10
36-3817825,Giffie,Kits,10
05-7833088,Fidelia,Wimbush,5
40-1940338,Sibyl,Sleford,9
17-5708059,Dasie,Cottell,8
08-8654340,Kelsey,Duinbleton,7
29-2103975,Niki,Jaquet,4
30-5320220,Karyl,Entissle,6
06-0382547,Graig,Cowern,4
81-4188982,Delphine,Althrope,9
24-5000010,Alasdair,Skirven,7
66-9254820,Chance,Tebbs,6
81-4152356,Ulrich,McGaugey,4
99-2475260,Candie,Schapiro,5
46-8341759,Ricki,Gow,5
15-8817515,Calida,Sporgeon,6
14-3258676,Sheryl,Storer,5
58-9470759,Lorry,Daton,9
74-4696499,Hamnet,Dreinan,7
35-9704537,Beltran,Frost,5
14-6141735,Maxie,O'Fergus,8
16-3865894,Trueman,Neilands,9
02-9435361,Craggie,Smeal,5
01-6830538,Carny,Hayball,4
88-7050753,Cecily,Hitzschke,10
19-1697893,Frances,Sabban,9
14-1366059,Lyssa,Franzolini,5
93-9855554,Foster,Filipponi,6
33-7440181,Cynthia,McCaughren,5
16-5455104,Nicola,Claesens,7
65-4379559,Ellsworth,Rough,9
89-2378088,Gannie,Ownsworth,8
59-5368177,Ardelia,Eisenberg,10
30-7287627,Farleigh,Strickler,6
72-1201087,Danna,Shimmin,6
88-6542152,Sumner,Player,5
71-6601321,Veronika,Ralling,7
80-4828015,El,Shakespeare,10
08-5425207,Cull,Geerits,10
26-7782222,Kimmy,Bilbrook,10
52-9953277,Silas,Sheehan,4
94-2758447,Gabie,Greenhaugh,4
45-1560903,Ramon,Jozefiak,5
80-4885858,Valencia,Raynes,10
70-6053494,Jeralee,Quogan,5
84-0633642,Antons,Lowman,4
15-5166079,Ceil,Oram,6
61-4913135,Evonne,Pettipher,9
87-7385752,Iris,Bortolussi,7
45-8745995,Freddy,Davsley,4
71-7820322,Michaelina,Graine,6
47-0399400,Dominick,Savary,9
83-2025014,Karie,Bagehot,6
45-9074470,Munmro,Bransgrove,10
18-0208128,Ewen,Haizelden,10
15-0166028,Gray,Skace,5
24-7600533,Lucas,Stud,5
35-5638026,Iolanthe,Abrahamian,10
37-4790381,Verge,Hune,5
96-4460007,Natty,Arnholdt,7
52-1142113,Nestor,Fairbairn,8
15-6844467,Camille,Chartre,5
51-0489755,Agnes,Labro,5
26-9025669,Babita,Lowfill,9
09-1077806,Wanda,Snaith,4
88-3467865,Valery,Swayte,7
51-1566942,Boonie,Casali,5
27-6267600,Mehetabel,Fossett,4
35-4121760,Suzette,O'Sharry,6
26-2988522,Mead,Rosa,6
19-8880389,Muhammad,Long,8
95-6652617,Joell,Glassard,5
39-4562787,Corena,McIleen,6
63-8609253,Pietro,Goodlake,10
91-2666681,Celestia,Sherreard,10
68-9488242,Kenneth,Prowting,4
42-2082652,Harlen,Goward,10
90-7957449,Dory,Reeveley,4
16-3709756,Margy,Hawkett,4
37-8217114,Fayina,Kermott,6
92-0927346,Pavlov,Eyckel,8
59-8779317,Karee,Beach,9
92-9904325,Alf,Farrey,5
55-6669362,Becka,Pollins,5
32-1532258,Elden,Lightbowne,9
09-9913364,Bobina,Kuhnwald,10
34-4922763,Calhoun,Losemann,4
15-4226033,Elicia,Ballantyne,7
88-4453027,Ebony,Purseglove,10
43-1172706,Edy,Crawford,8
97-0202874,Hamilton,Branney,8
77-7624698,Remy,Houson,4
19-1656063,Mag,Burk,8
30-4942126,Rivkah,Gair,10
01-5046516,Randolph,Dagg,4
14-4145747,Margette,Ogbourne,6
51-4654634,Fairfax,De Ortega,8
77-4363147,Donella,Conkey,5
21-6774796,Gasper,Byard,4
46-8290917,Ave,Minget,8
96-8784677,Janeczka,Shepherdson,9
58-0396578,Gianni,Derges,9
40-8492270,Abbie,Wodham,4
89-1986583,Otes,Fyfield,8
31-6231680,Sammie,Skettles,10
70-8798491,Lou,Suggey,6
53-3538351,Carlo,Klus,7
27-5203957,Colman,Faloon,6
09-4914022,Woody,Charman,8
76-5362578,Pippo,Gascoyen,7
61-8670494,Dolorita,Ciubutaro,4
02-7805953,Gweneth,Robroe,10
71-6241558,Jim,Polgreen,7
06-3122131,Gratiana,Cuolahan,9
94-3382248,Rosanna,Pere,5
02-5993215,Sarette,Hannibal,7
36-4468733,Marchall,Easterbrook,10
87-4436297,Wini,Yglesia,8
61-2079196,Karlen,Reven,4
94-4835405,Andris,Barnaclough,9
83-5182148,Ginger,Andrini,8
39-8398970,Georgie,Durtnal,8
42-5246758,Armstrong,Lynock,7
59-4821143,Lothaire,McDiarmid,6
02-6644452,Hillard,Blancowe,4
32-0945635,Marris,Orris,7
77-7067071,Brew,Gateley,4
21-3063937,Marketa,Riccardo,6
81-5322334,Ame,Hourstan,6
94-9473429,Erskine,Wrinch,8
60-6050363,Mireille,Shillabear,7
68-1860041,Andreas,Clough,8
71-2767765,Timmi,de Guerre,6
79-8350375,Chad,Schulke,7
58-5078983,Delmore,Kinnerley,10
18-1451554,Rodrigo,Rickersey,10
10-5250051,Marley,Adamczyk,6
27-8395645,Bastian,Pepys,9
60-2256369,Barbara,Soars,9
79-4656083,Tris,Hincham,5
46-1002552,Myrtle,Krzysztofiak,8
78-1839680,Charissa,MacGrath,6
15-3759296,Carleton,Childrens,8
63-9165663,Katey,McConigal,4
37-9897155,Dorine,Chamberlaine,9
63-1377057,Ned,Sterricks,6
22-3160542,Jenifer,Autin,10
54-0459823,Perren,Beachem,6
72-0237875,Jill,Yeandel,7
34-7493633,Conchita,Foston,9
05-3621733,Perla,Ogan,4
72-1324473,Charlotte,Miche,6
39-7920909,Vickie,Grinyakin,9
97-6785636,Trip,Orvis,9
63-2876177,Greer,Ellor,4
88-2233457,Helaine,Burdfield,7
35-8010271,Joannes,Pottie,4
17-0136180,Shaw,Bewshaw,5
43-3671505,Gwenore,Sember,9
21-3479597,Amelia,Randal,8
49-8191413,Lamar,Glentworth,10
60-2608062,Joyous,Como,8
32-3454763,Coraline,Legendre,4
37-5503090,Trista,Chrismas,4
14-0168548,Gracie,Simoncelli,8
12-7477982,Muhammad,O'Hallihane,9
49-8786362,Gustavo,Kerwood,9
40-2477397,Chickie,Dunn,10
18-1555289,Ginni,Hovey,5
02-3374737,Ernaline,Ivens,5
08-0950116,Vachel,Tue,7
43-6937021,Trumann,Renney,10
63-8082942,Hyacinth,Pennino,5
99-4175679,Magdalen,Jeffcock,6
15-2666593,Binky,Sayre,4
35-1244522,Roley,Ripley,8
93-9882292,Garey,Dovidian,5
02-0980929,Ariana,Chadbourne,8
60-7259763,Claudianus,Bartrum,4
53-8968447,Shaylyn,Aleevy,10
56-3109938,Giorgi,Frayne,5
26-2152975,Thornton,Sherrum,4
71-0366643,Cicily,Linturn,8
50-7987965,Bella,Adey,10
79-0833624,Marty,Kitcatt,8
33-8296011,Marie,Drews,5
10-5475550,Mark,Petkovic,10
70-1989116,Meris,Callen,5
90-5704673,Flossi,Blacksland,7
85-0082063,Karole,Shaylor,6
09-3622532,Chick,Weald,10
90-4965589,Adamo,McCrae,5
41-5305944,Agnese,Broddle,5
04-2723892,Holly,Liebmann,4
62-0838514,Andie,Lawlee,4
97-8615242,Will,Wyllie,7
74-4251955,Hew,Oakshott,4
57-4335614,Marketa,Marrow,7
71-6594541,Layney,Wheelwright,5
94-5698978,Robbi,MacIver,9
83-1066645,Berky,Cadagan,7
78-6877683,Rance,Liggins,8
69-8039991,Bord,Jakov,9
82-2315388,Jud,Wann,6
46-1161797,Fanchon,Capper,8
53-2872824,Donalt,Stuttman,9
04-6327279,Dominic,Scrogges,4
64-7756817,Aland,Topes,7
86-8313369,Bram,Traice,9
15-2822858,Myrna,Marsy,6
52-3617680,Trefor,Askem,6
90-4110097,Lauren,Loraine,10
05-1858828,Drusi,McMurthy,6
11-1026148,Packston,Extill,7
22-5096635,Riki,Fillon,10
86-4004996,Sondra,Doberer,8
41-9034632,Nolie,Boays,5
99-9619447,Jeffry,Dorgan,5
92-3873748,Flossie,Newstead,4
73-8545887,Cameron,Rigolle,8
33-1018568,Michal,Brosoli,6
65-4929295,Sandra,Clinkard,7
44-3257991,Raffaello,Sarsfield,8
66-6921794,Marta,Orrock,7
79-3831625,Sean,Sweetlove,10
57-7360506,Silvana,Fitzpatrick,5
71-7423913,Matilda,Meus,4
41-8791404,Rocky,Trytsman,8
21-7981114,Nickolas,Shimwell,8
32-6441718,Theodora,Wethered,6
55-0135520,Delora,Hainge,4
98-7791338,Cyril,Kuhn,7
48-8693380,Natalya,Garth,8
10-0574543,Nye,Whittles,10
35-5076880,Opalina,Donald,9
19-4080327,Barnebas,Spearett,6
29-2732211,Loree,Spring,9
77-3568373,Corine,Tribell,9
85-2000200,Quintina,Mawford,10
26-8795811,Daveta,Eakle,5
78-6874353,Mommy,Sirmon,7
97-2577188,Lexis,Arniz,4
49-8417395,Gwendolyn,Housby,6
97-4559553,Harper,Van der Velden,6
71-8095066,Jess,Titterington,4
50-4325618,Arabel,Labbati,9
36-2369436,Candie,Neate,6
44-6089867,Ryon,Muncie,4
02-4343776,Lyndsie,Kirdsch,7
26-8907348,Winnie,Bore,8
66-6702206,Isiahi,McSkeagan,10
95-5260685,Eugenius,Zappel,5
88-8120372,Diana,Bain,10
60-6139379,Roma,Chellam,6
53-3408676,Jody,Wansbury,6
29-4567190,Alikee,Froom,8
83-6351244,Anita,Stearnes,10
12-2525910,Garrott,Le Barr,10
92-7944346,Colan,Blinerman,4
25-1431282,Charmaine,Brenard,7
37-3019351,Dagny,Phil,9
42-9200496,Brendan,Seaton,7
71-5047102,Marianne,Edy,8
49-6959261,Janeen,Gahagan,9
41-0908252,Bibby,Jenkinson,8
09-7896436,Neddie,Zannetti,10
94-5086507,Clement,Wickenden,8
35-3943659,Korney,Dibben,4
05-1151896,Noelle,Dougan,5
55-3026535,Gwenette,Blamire,4
30-8863093,Delmore,Hens,6
55-8946866,Crystie,Azam,9
54-4105216,Sander,Daynter,7
39-5772451,Northrup,Kuhnel,4
73-6832128,Derek,Bernholt,9
65-5622545,Alameda,Stoffler,9
55-6850759,Jacinta,McElwee,4
95-2303607,Leonard,Darrigrand,10
44-3937175,Datha,Abadam,10
90-3124433,Jany,Jeffries,8
10-3759002,Bernadette,Bysshe,8
57-6086698,Amalea,Mowle,7
21-2450665,Sutherlan,Crowther,4
69-0572579,Carlos,Mapletoft,9
40-8314224,Jourdan,Denzey,8
21-0610354,Arlana,Voice,4
73-4131187,Rafaello,Galier,5
33-6194878,Othilia,Childes,7
83-9844699,Miguela,Dalwood,9
35-6254551,Andreas,Blackster,4
11-7466718,Dell,Jouning,4
69-0565626,Corey,Cicullo,7
48-6232075,Erskine,Casiero,8
75-8621947,Jo ann,Snoday,7
08-2118656,Korella,Baine,9
48-5195905,Otis,McCreedy,8
84-4664524,Harp,Haste,9
69-5903607,Bili,Goforth,7
73-2049620,Corina,Thyer,7
92-4780712,Kalina,Tick,10
50-4627171,Bear,Siaskowski,10
35-3554686,Shep,Fice,5
70-4462829,Sonya,Hartly,7
81-0129453,Emery,Riches,6
32-5002600,Riane,Skippings,8
92-3143712,Zeke,Glave,9
45-3995421,Marjorie,Jessup,9
45-3505314,Molli,Canaan,8
94-1308309,Natalee,Yantsurev,6
72-0618420,Ronny,Reston,9
01-6419699,Blisse,Wooderson,7
01-0761153,Ernst,Pumfrett,6
37-8022691,Drugi,Gainforth,6
19-0817648,Cozmo,Pentecost,4
42-2677706,Englebert,Philippet,7
39-7832247,Harri,Bithany,4
10-1294198,Stacee,Mitten,4
42-8202488,Janean,Boake,7
44-1380923,Sylvester,Beric,8
67-9237357,Milton,Buffey,6
01-8630799,Lek,Trout,6
00-7229772,Darcee,Bixley,7
80-7687097,Tammie,Iianon,6
63-1621535,Ella,Stennings,8
87-0295517,Jessi,Manford,9
85-2979310,Dyann,Stebbing,4
49-8014148,Fredra,Jermy,10
83-7145861,Moyna,Milnes,6
83-2290375,Kalil,Anglish,5
35-4591202,Regan,Mc Elory,9
99-0919068,Dolf,Mungin,5
32-1776785,Jsandye,Fetterplace,8
38-7630014,Filide,Duckerin,6
67-3070086,Boyd,Chillingworth,4
58-8271786,Annamaria,Gaudin,8
54-2610464,Rosabelle,Gagin,5
31-4706303,Lindsey,Dafydd,6
92-0323906,Davy,Lawleff,8
78-8437327,Leon,Tremmil,10
19-1236081,Web,Fenne,6
05-3169080,Arlyn,Triner,4
03-9543015,Merline,Lovat,6
79-0790997,Jessie,Oles,9
68-1702623,Zelma,Timmes,6
42-4533333,Ruben,Wardlow,9
09-8842872,Kanya,Hallows,10
33-5849592,Stormi,Gladeche,9
10-8255523,Lothario,Groves,10
17-3384086,Fernande,Curwood,4
27-9516789,Kameko,Colin,5
74-8307770,Cordula,Twigge,7
87-0359165,Lucila,Cuerdale,5
45-4582058,Cordy,Balle,5
80-5020592,Gardener,Dabernott,5
68-2781588,Keelby,Kiggel,8
50-2738928,Martha,Logg,9
11-7941904,Barbabra,Gaffon,4
91-6119159,Casandra,Chestnut,5
95-6921389,Arnold,Filipovic,6
27-4817134,Damaris,Cheeke,5
15-7434118,Elicia,Toope,4
56-0739297,Rey,Barnwille,10
83-6949825,Brady,Blackbrough,9
66-9571230,Elie,Ludewig,5
27-0358692,Ranna,Bullon,5
17-6534261,Zara,Barensky,8
49-4410875,Karina,Hathway,9
93-5392060,Lucille,Vaen,6
22-7835714,Jeffry,Deniskevich,6
76-9762121,Sidonia,Barens,8
06-8257791,Renaud,Showler,6
31-9869154,Jamal,Benez,6
14-6281689,Richmond,Murkin,6
35-9806874,Jill,Turney,6
63-3171635,Chet,Allewell,5
13-3735167,Robbyn,Alldred,7
52-8450211,Kirstyn,Mabley,8
55-4363100,Parrnell,Degenhardt,4
92-8471758,Coleman,Cory,10
54-2943833,Beverlee,Minocchi,5
62-0968410,Hatti,Cull,7
15-8750829,Lynde,Witchell,4
54-0594275,Clemens,Gorrick,6
46-3147385,Jeremiah,Kall,8
11-7728348,Angelita,Panketh,7
06-8032725,Lucio,MacLennan,4
11-5994096,Drucie,Pilmoor,6
40-9807884,Ninnetta,Albrook,6
63-3988258,Junina,Sabati,4
48-9624957,Lyndy,Worley,7
06-7980926,Louisa,Peyntue,7
12-9736561,Kalina,Arnowitz,10
11-3136560,Othella,Millbank,9
79-9540689,Branden,Nangle,5
51-2831356,Alasdair,Pickthorn,7
95-9819535,Sigfried,Klais,8
03-8316750,Deborah,Robertsson,6
83-8114795,Jaimie,Capnor,9
97-2975238,Ruthi,Deekes,6
